urlid,0
5865,1
782,0
6962,0
7640,0
3589,1
6719,0
3905,1
9841,1
7447,1
4776,1
2879,0
2620,0
10479,0
1105,0
1849,1
8286,0
8344,1
10486,1
8661,0
7188,0
1433,0
677,1
469,1
6988,0
8024,0
6896,1
9154,0
342,0
50,0
983,1
6933,1
8271,1
5602,1
4505,1
4966,1
2390,0
6736,0
4660,0
7560,1
3840,1
5823,0
5789,1
1595,0
6770,0
3522,1
5584,0
8323,0
3862,0
373,1
7345,1
7708,1
1398,1
4298,0
7467,1
1878,0
1832,0
625,1
7438,0
9961,1
7117,0
8190,0
1713,0
949,0
9246,0
2326,0
8942,0
4458,0
4659,1
9522,1
2497,1
9836,1
3808,1
5575,0
5714,1
2490,1
6812,1
4335,1
10014,1
5889,0
482,1
8082,0
5856,1
8866,0
2624,1
1371,0
4436,0
2972,0
3638,0
6249,0
7602,1
9624,0
7567,0
6578,0
7590,0
8590,0
10520,1
1906,1
1373,1
1601,1
4754,0
8208,0
1658,1
1352,0
8143,1
7760,1
7836,0
9769,1
503,0
4909,1
7162,0
10035,0
1992,0
6133,1
8519,1
1879,1
7107,0
1225,0
2451,0
8252,1
9214,1
4850,1
5891,1
5274,0
8623,0
562,1
860,1
4199,1
7616,0
10544,1
1567,1
6552,0
954,0
111,0
7036,1
1995,1
7095,1
10180,1
6872,1
4805,1
355,0
8097,1
9271,1
431,1
1646,1
143,1
3436,0
150,1
9745,0
715,0
578,0
8684,1
1186,1
9115,1
9239,1
5461,0
5424,0
1349,0
609,1
7569,0
1622,1
6541,0
9873,0
305,0
6041,1
5360,0
8445,0
7260,1
4526,1
138,1
168,1
7888,1
4639,0
867,0
9673,0
710,1
4749,1
4716,0
410,0
2155,0
3289,1
7774,0
1200,1
9057,0
2261,1
9612,1
4987,1
3605,1
5068,1
4474,1
5831,0
4729,0
10060,1
6895,0
3791,1
7910,0
4209,1
4984,0
1773,1
2101,1
7251,1
2887,0
875,1
8185,1
9688,1
5342,1
6802,1
3077,0
712,1
3026,0
2640,0
4872,1
3334,0
2431,0
9218,0
7417,1
3563,0
1006,0
8940,1
7703,0
2686,1
8159,0
37,0
65,1
1910,1
2202,1
9717,0
2388,1
2365,0
5072,1
4614,0
6955,0
4094,0
3319,0
1456,0
5381,0
4479,1
4766,0
6076,1
8064,1
3416,0
4892,1
9942,1
9215,0
4506,1
9275,1
1306,0
6828,1
8368,0
7205,1
360,0
3386,1
3835,0
1305,1
7963,1
2073,1
4230,0
9012,0
2723,1
6788,1
7945,1
4868,1
6597,0
7323,0
6229,0
3427,1
7727,0
4707,1
2547,0
4523,1
9648,0
1084,0
3327,0
5591,0
186,0
2938,1
9912,0
6047,1
2417,0
10533,1
1137,1
1533,1
9233,1
43,0
8986,1
6000,1
480,0
2457,1
5362,0
7722,1
7940,0
6104,0
8853,0
5813,0
4769,1
2544,1
6379,1
5262,0
9885,1
10081,1
1315,1
3388,1
3473,0
2117,1
9411,0
9379,0
4236,1
2049,1
4786,0
1604,0
7659,0
8152,0
5417,0
160,1
6826,0
1815,1
3647,1
5605,0
3526,1
3854,1
1053,0
2411,1
6015,0
2089,1
7745,0
6816,0
3934,0
6547,0
3758,0
7158,1
1584,1
2982,0
7679,0
5286,0
3776,1
1235,1
6294,1
1012,0
10318,0
7134,0
5180,1
2108,1
3639,1
6729,0
2472,0
10235,0
190,0
4713,0
6827,0
6108,1
1114,1
4848,1
606,0
1573,1
8546,1
5193,0
2936,0
5104,1
6712,1
3055,1
74,1
7726,0
9183,0
162,1
7288,0
8657,1
1295,0
8207,1
4433,1
590,0
10549,1
7749,1
405,1
10267,1
7133,1
7584,0
6616,1
1719,0
9761,1
5859,1
5662,0
1736,1
9333,1
1102,0
2790,1
6598,0
7995,0
4452,1
159,1
511,0
7006,1
1123,0
6073,1
7094,0
10008,1
7573,0
679,1
6809,1
1108,0
380,0
204,0
7075,0
2550,1
9785,0
5036,0
3129,0
6495,0
880,1
2360,1
7839,0
350,0
9151,1
6650,1
7208,0
5840,0
5997,1
2103,1
713,0
7771,1
10255,1
3944,0
4250,0
2833,1
3052,0
7855,0
4152,0
4445,0
10036,1
9727,0
2234,1
9632,1
626,0
1644,1
4859,0
3987,0
5884,0
4112,1
10392,0
2962,0
21,1
8524,0
2543,1
663,1
2748,1
3451,1
964,0
10560,0
2428,0
4520,0
7660,0
6583,1
10390,0
688,1
7957,1
3356,0
1766,1
9128,1
2340,0
9421,1
7712,0
8200,1
8762,0
6446,1
5194,0
960,1
779,1
3584,0
3011,1
2769,0
1392,0
7254,1
9084,1
9622,1
3665,0
1609,1
6130,1
10155,1
7826,1
8300,1
5038,0
7582,1
9561,1
7430,0
5045,0
10421,1
5675,1
4687,1
4944,1
5105,1
148,1
6371,1
8108,0
4354,0
6077,1
4292,0
10068,1
5821,1
1042,0
7715,1
9703,0
2761,0
7002,1
7313,0
9050,0
5518,0
10556,1
1078,1
9699,0
10445,1
8748,1
2960,1
4317,1
939,0
8423,0
5196,0
8151,1
7199,0
1574,0
8566,1
7389,0
1177,0
10282,0
10098,0
4512,1
4055,1
8431,1
4532,1
10450,1
5754,1
1882,0
1563,1
4871,0
8440,1
3253,0
8270,1
4610,0
9619,0
8786,0
2889,1
9781,0
5061,0
7059,0
2064,1
1587,0
1934,1
5516,0
9853,1
7867,0
1556,1
5495,1
4274,0
8177,1
9491,1
9813,0
2205,0
2710,0
2992,0
7998,0
6428,1
6638,0
3035,0
1578,0
1324,0
2316,0
9326,0
7359,1
7741,0
5143,0
8196,1
630,0
8481,1
8497,1
5409,1
5749,1
8219,0
9571,0
4886,1
5367,0
1185,0
8291,0
1590,1
7698,1
51,0
8784,0
3928,0
5987,1
7008,0
7482,1
9374,0
1296,0
10289,0
2986,1
4651,1
8594,0
7469,0
2871,0
1903,0
8571,1
4832,0
1242,0
7115,0
3599,0
2065,0
4529,0
763,0
6698,0
2002,1
2020,1
5229,1
8243,1
6936,1
9360,0
4360,0
7951,1
6701,1
7574,0
2426,0
1681,1
7135,1
3688,1
3872,1
558,0
2228,1
8170,0
7171,1
7756,1
3609,0
3985,0
1139,1
3453,0
7583,1
9788,0
10175,0
6059,0
104,0
10168,0
8902,0
5343,1
4239,0
6767,0
6269,1
6682,1
9558,1
2416,0
6592,0
6196,0
2751,0
3412,1
8302,1
1120,1
8005,0
6637,1
6440,0
6679,1
8039,0
5357,1
8844,0
2964,1
6040,0
7259,0
8974,1
7439,0
1045,0
7706,0
9724,1
3698,0
7339,1
1749,0
7257,1
2963,1
7775,1
10501,0
4258,1
7908,1
722,0
6519,0
6916,1
4456,0
2731,0
917,0
4107,1
7894,0
2540,1
8455,1
10406,0
8909,1
5489,1
306,0
3894,0
2735,1
4939,1
1551,0
777,0
2160,0
8599,0
2727,0
6362,1
1417,0
10343,0
4866,1
2682,0
9856,0
4498,1
7450,1
6899,0
5649,1
6086,0
1618,0
9926,1
2847,0
8099,0
5724,1
3358,0
8136,1
955,1
8819,0
5832,0
10413,0
6548,0
8407,1
10090,0
8564,0
808,0
5303,1
8913,1
9425,1
9543,0
1219,1
9575,1
4019,1
6223,1
9588,1
4739,1
10492,0
2017,1
5524,0
7449,0
5734,1
5456,0
797,0
5525,0
8265,0
1981,0
8977,0
6241,0
6021,1
7720,1
8632,1
6705,0
2476,1
3510,1
8887,0
10115,0
9061,1
5570,1
2763,0
1437,1
3448,0
3529,1
3156,0
4604,1
6776,0
10227,0
1545,1
10487,0
993,0
1161,0
7975,1
1591,0
7804,0
5048,1
10454,1
3567,0
5886,1
9937,1
3931,1
9706,1
10193,1
5569,1
9747,0
2217,0
5936,1
3885,1
1086,1
1799,0
9763,1
3299,0
8268,0
473,1
337,0
9381,0
6426,0
1210,1
4986,1
8285,0
2024,0
245,1
4807,1
2208,0
9835,0
8963,1
9946,1
5230,0
2788,1
674,0
1629,1
2300,1
169,0
3575,1
6910,1
1479,1
10498,1
8062,0
9672,0
9467,1
6763,1
8508,0
1034,1
3756,1
9263,1
8141,1
532,0
7022,1
4024,0
3298,1
5641,0
10455,0
5206,0
7005,1
8971,0
8358,1
257,0
78,0
6333,0
7969,0
2505,1
2004,1
3748,0
5668,0
365,1
9651,1
2324,0
3902,0
9294,1
5377,0
2817,1
7670,0
4755,1
255,1
2714,1
2922,0
5517,1
5157,0
64,0
5300,1
451,1
3941,0
326,0
3757,1
8798,0
2315,1
6755,1
2916,1
7406,0
3703,0
5403,0
622,1
9,0
5848,1
8670,0
1156,0
10179,1
2028,0
3924,1
620,1
1963,0
4537,1
8970,1
3024,0
6140,0
1866,0
4442,0
2312,1
6749,0
459,0
1516,0
8817,1
4912,0
2076,1
10023,0
7684,0
3531,1
6209,1
10508,1
8678,1
3541,0
1208,1
4090,1
1097,0
5099,1
2816,0
4291,1
1409,0
6401,1
4617,0
6111,1
6172,1
10357,1
8465,0
3867,0
9495,1
4348,0
7879,1
9273,0
3252,1
9167,0
2573,0
7395,1
9046,0
1526,0
9339,0
10301,0
7588,0
1104,1
1310,1
6631,1
10475,1
9090,1
1528,0
1657,1
1175,0
1895,0
3864,0
4700,1
3572,1
10507,0
269,0
5744,0
1687,0
3020,1
4974,1
5119,1
1916,0
6687,1
2197,1
8641,1
10073,1
1967,0
4999,0
9816,1
734,1
9665,0
5092,0
2591,1
9877,1
4601,1
7734,0
7185,1
6405,1
7003,0
928,0
6490,0
1586,0
10139,1
1192,0
10526,0
5544,0
8779,0
4497,1
3059,1
2181,1
2303,1
1190,1
1468,0
8771,1
8997,1
6365,0
10355,0
3478,1
3764,1
3542,1
4941,1
1840,0
463,0
7407,1
7711,1
6044,0
3750,1
10114,1
1332,1
425,1
3479,0
1979,0
2994,1
207,1
5820,1
9187,1
5423,0
2743,0
2902,1
9126,1
7903,0
4100,0
3578,0
6061,1
5081,0
4575,1
6695,1
5960,1
10186,1
6795,0
10022,1
5841,1
7481,1
9331,1
400,0
6907,0
10393,0
3709,1
4726,1
3007,1
4723,0
597,1
1810,1
4131,0
4697,0
8838,0
5956,0
4196,0
63,1
1714,0
904,0
9715,0
4,0
5462,0
259,0
5418,0
6849,1
9893,1
10003,1
4976,0
7611,0
900,0
3746,0
3893,0
2966,1
9667,0
9734,1
8123,0
8470,1
4058,0
4623,1
3782,0
7966,1
6003,1
2168,0
422,1
6381,0
1136,1
3443,0
2214,0
9973,0
1593,1
5474,1
812,1
4703,0
4294,0
10021,1
395,1
3237,1
9099,1
2401,0
10371,0
3420,1
3460,0
9088,1
5995,1
3084,1
3595,0
9524,0
167,1
9743,0
6109,0
433,1
6292,1
8125,0
4035,0
2929,0
8810,0
4403,0
3925,1
1290,1
3689,1
6709,0
8021,1
6237,0
1453,0
7340,1
6078,1
2369,1
1781,1
3830,1
7625,1
8150,0
1680,1
7077,0
3360,0
7927,1
244,0
8107,1
820,0
5915,0
924,0
9207,0
4077,0
6052,0
508,0
8105,0
4405,1
7558,1
6094,0
484,1
8927,0
310,1
8075,0
1094,1
3211,1
1700,1
4816,1
9354,0
8845,1
7530,0
1520,0
1087,0
5786,0
6847,0
999,1
5308,1
6569,1
10200,1
5868,0
1757,0
4625,1
2955,1
6187,0
9931,1
4883,1
2488,1
156,1
2820,0
1311,1
1517,0
3640,1
5763,0
6689,0
1193,0
8217,1
10327,1
5042,1
6903,1
2068,0
7614,1
8842,0
2445,1
10276,1
4931,1
6842,0
5927,1
6207,1
4539,0
8721,1
3618,1
2580,0
5321,0
3181,0
4742,1
3340,0
8310,1
3948,1
2126,0
10436,1
9635,0
9022,1
8576,0
2522,0
7341,1
7377,0
7636,0
2536,1
2706,1
4814,0
6032,1
2630,1
1857,0
5412,1
1957,0
9805,1
9256,1
1055,0
8439,0
317,0
6126,1
9970,0
6008,1
2811,0
10214,1
10337,0
6563,1
5611,1
6358,1
8446,0
974,1
4839,1
4806,1
4597,1
4649,0
7744,0
5826,1
6118,0
6785,1
301,1
3192,0
9854,1
9227,1
4768,0
2961,1
4564,0
2484,0
1606,1
2864,1
2884,1
2753,1
4366,1
2470,0
6369,0
2754,1
2501,0
8890,1
2093,0
4937,0
2850,0
3706,0
6645,1
5799,1
4229,1
4900,0
7883,1
4629,0
6459,0
10381,0
220,1
761,0
4264,0
6633,1
1424,1
7017,0
6901,0
7126,0
881,0
6382,0
7502,0
1911,0
3076,1
9281,0
1534,1
8378,1
4717,0
7012,0
9028,0
5407,1
274,1
9465,0
5164,0
937,1
5264,1
8051,1
10304,0
2403,0
1697,1
8142,0
3734,1
8487,0
5123,1
8726,0
2336,1
7376,1
2793,0
1998,0
319,0
6783,1
6911,1
3078,1
3310,0
4790,0
2712,1
2968,1
7777,1
10442,0
1654,1
10438,1
4509,0
3963,1
5043,0
5421,1
6465,0
8034,1
806,0
1090,0
1566,1
10187,0
2634,1
569,1
135,0
3732,0
6247,0
10466,0
8429,0
6725,1
6128,1
8496,0
2433,0
5552,0
7122,1
376,0
796,1
6121,1
8960,0
5686,0
2213,1
6602,1
3357,1
1997,0
691,1
4370,0
9660,0
7189,0
6660,1
2074,1
5375,0
1816,0
9802,0
7654,0
3784,0
9604,1
6397,0
7125,1
1460,1
5718,0
5452,1
7064,0
8272,1
3620,0
2772,1
5150,0
125,0
1005,0
616,0
9056,0
3972,0
746,0
10286,1
723,1
1283,1
8009,1
8509,1
8220,1
7393,0
8499,0
3789,0
9658,1
8171,1
1985,0
733,0
6706,0
6282,0
7243,0
3995,0
4375,1
1647,0
9306,1
9272,1
9464,1
5340,0
5475,1
4911,0
9315,1
811,1
6395,1
3229,1
2250,0
8433,0
10428,0
10461,1
8408,0
3945,1
863,1
4683,1
1162,0
9132,1
1076,0
7236,1
3218,0
6866,1
4997,1
9121,1
8696,1
3313,0
1421,1
80,0
8163,0
4583,0
4053,0
8693,1
4139,1
6976,0
3549,1
5534,1
1638,0
6375,0
1008,0
9120,0
8071,1
3266,1
10482,0
5288,1
6302,1
2183,0
9199,1
5441,0
4418,1
7287,0
1532,0
2978,1
1230,0
6423,0
9643,0
5142,0
9368,1
6132,0
9031,1
4767,0
844,1
10296,1
9045,0
10469,0
9223,0
9340,1
1226,1
686,1
4037,1
7620,0
9322,1
2943,0
6549,1
8124,1
1803,0
8025,0
368,1
3660,0
4943,0
9143,0
958,1
4272,0
200,1
7314,1
7827,1
252,1
2242,1
2804,1
8802,1
7645,0
7228,1
9200,1
4738,1
4513,0
7999,1
3938,1
8127,1
9265,1
7353,0
4772,1
4461,0
1335,1
9018,0
10460,1
7956,1
1238,0
2552,0
6517,1
5925,1
7413,0
3728,1
1103,0
3704,1
8413,0
4533,1
5449,1
7306,0
1401,0
7365,1
8363,1
3656,0
5683,1
1940,1
8674,1
6745,1
4431,1
2263,1
7506,0
4059,1
4588,0
8692,0
7258,1
5448,0
8865,1
1119,1
7642,0
9981,0
181,1
7528,1
9086,0
4963,1
5292,1
1254,0
2125,1
5601,0
2758,1
1922,0
5440,0
3001,1
4011,1
8604,0
2779,0
1568,0
10123,1
9053,1
8028,1
82,0
2845,0
10221,1
8598,0
5011,1
7401,1
8687,0
8767,1
10046,0
1920,0
4364,1
9395,0
3602,1
9038,0
7786,1
5106,0
9337,1
1575,1
10291,0
2965,1
1478,0
3625,0
7329,0
4116,0
9136,0
6870,1
4073,1
7863,1
7437,1
278,0
1977,0
8570,1
6800,1
8964,0
7534,0
6539,1
645,0
8223,0
610,1
1512,0
8340,0
4524,1
7465,0
6313,1
1873,0
1015,1
444,1
4967,0
8988,1
3199,0
8020,1
6103,1
362,1
7325,1
5730,1
10448,1
1452,0
6669,1
7892,0
7859,1
5866,0
2970,0
9609,0
893,1
4176,0
4280,1
3970,1
4516,0
7503,0
7955,0
9852,1
8380,1
9284,1
10386,1
4004,1
5328,1
9274,0
4646,0
396,0
5513,1
4117,1
3751,0
9767,1
1071,1
7812,1
5059,1
2667,0
9304,1
10385,1
7930,0
5225,1
9839,1
2831,1
2387,0
3433,1
5101,0
6357,1
5476,1
3807,1
10232,1
1508,0
6993,0
5505,1
6009,1
5301,0
6766,1
2248,1
8572,1
852,0
7871,1
6926,1
10220,1
9007,1
6990,0
2012,1
5645,1
9091,0
3797,0
7201,0
672,1
1257,0
2010,1
8222,1
9636,0
2746,1
2919,1
5231,1
5625,1
10254,1
2651,1
1740,1
3212,0
10502,0
7139,1
7210,1
10049,0
1621,0
2301,1
5798,1
3812,1
6190,1
5503,0
9972,0
5646,0
2003,1
1069,0
9656,0
279,1
4328,1
7105,0
1643,1
3108,1
3106,0
1626,0
9838,0
6994,0
3463,0
781,1
4337,1
1639,0
416,1
7687,0
9610,0
2519,0
10210,0
8633,1
1276,0
4764,1
7674,0
6550,1
3853,0
341,0
6258,0
1884,0
2855,0
2196,1
5326,0
6380,0
5580,1
4563,1
10414,1
3226,1
3175,1
9457,0
1705,1
5910,1
375,0
10333,1
3852,1
1971,1
8720,1
1860,1
10349,1
4605,1
7358,0
8258,0
5678,0
694,1
8482,0
1924,0
3716,1
3282,1
5746,0
1518,0
8741,0
7630,0
8276,0
6939,0
1435,1
8157,1
1041,0
4478,1
8307,1
2094,1
5916,1
9848,1
4803,1
2147,0
295,0
861,1
3822,0
5609,0
9450,1
4122,1
10558,0
4285,1
6184,0
7295,1
1926,0
5026,0
7952,0
4194,1
639,0
2130,0
3119,0
3251,1
5803,0
9553,0
5937,0
2133,1
693,1
5944,0
2227,1
9915,1
4044,1
6033,0
3270,1
7050,1
6185,0
7984,0
2109,0
2244,1
2481,1
4332,1
6016,0
10162,1
2453,0
6228,1
6166,0
1411,0
254,1
7479,0
1476,0
7801,0
4988,0
4694,0
10194,0
2574,1
8334,0
419,0
8643,1
2548,0
4615,1
8772,1
10463,1
6756,0
1503,1
4095,0
1723,0
8829,0
10085,1
4796,0
9756,1
2158,1
7273,1
3056,1
656,0
3074,1
4661,1
3958,1
4311,1
8375,1
7442,0
3839,1
6179,1
3786,0
8520,0
3664,0
2014,1
8298,1
4220,1
10127,0
6182,1
3206,0
8503,1
5682,0
5699,1
6215,0
1394,1
9582,1
10070,0
4940,1
4193,1
3400,0
4785,1
7460,1
5838,1
2503,1
2730,1
7156,0
5511,0
438,0
2233,0
2016,1
139,1
384,1
2313,1
5145,0
7864,1
1195,0
5365,0
6977,1
10001,0
567,1
9950,1
157,1
6553,1
7337,1
349,0
4874,0
10313,0
8421,1
9469,1
9314,1
3663,1
7216,0
8871,1
5743,1
2072,0
2654,1
5908,1
9863,1
457,1
6965,0
3030,1
7765,0
748,1
6304,1
9606,0
10351,0
406,0
8120,0
8486,1
6998,0
77,1
841,1
7709,1
7404,0
5606,0
965,0
3163,1
10192,1
6163,0
9865,0
9518,1
1267,0
2051,0
2046,1
1464,0
2153,0
6612,1
4971,1
866,0
4124,0
5086,1
4351,1
8101,0
7912,1
2504,1
2837,1
2034,1
4844,0
7780,1
5901,1
3296,0
7299,1
8574,1
7472,0
2276,1
5980,1
3184,1
4359,1
1064,1
9039,0
6376,1
1706,0
7970,1
3540,1
1407,1
4561,0
6691,0
7172,0
1923,1
4407,1
6777,0
2600,0
1936,0
9778,1
2766,0
6668,1
9013,1
4319,0
3263,0
1612,1
5132,1
216,1
7232,1
9373,1
5030,0
10107,1
8309,1
8449,0
6961,0
4954,1
7344,0
8146,1
1132,1
6145,0
1353,0
3624,0
5058,1
9789,0
7290,0
8583,0
1088,0
9210,1
8240,0
3326,0
6315,1
8410,1
4535,1
5991,0
1874,1
1898,0
3557,1
8587,0
4190,0
7261,0
6854,1
9375,1
6317,0
7713,1
7058,1
7628,0
3513,0
7953,1
3445,0
8461,1
2834,1
3414,0
9262,1
9235,0
3146,1
3379,0
1701,0
5527,1
8031,0
4032,1
9782,1
7656,0
2985,1
9334,1
3343,1
4760,1
10311,0
2609,0
5117,0
6724,0
671,1
798,1
2341,1
4262,1
1950,0
799,0
2575,1
660,1
6432,0
3168,1
7435,0
4010,0
2882,1
5930,1
7716,0
4054,0
3148,0
670,1
3519,0
5770,0
8876,0
8357,1
1620,1
8558,0
6786,1
3825,1
5857,0
7685,0
3947,1
6449,0
8636,1
6046,0
3205,1
9435,0
6865,1
281,0
6922,0
3536,1
4555,0
5364,0
2483,1
3524,0
3117,1
1152,1
3912,1
1297,0
2896,1
5804,1
5722,0
189,1
2376,1
4635,1
4801,0
5972,1
2461,1
1168,0
5136,1
7806,1
2559,0
2139,0
10562,1
1497,1
4757,1
1354,0
5896,0
6453,0
1426,1
4271,1
7673,1
7782,1
8181,1
1797,0
8615,1
3097,0
5306,1
9633,0
8700,1
9876,0
8045,0
7750,0
6370,0
7093,1
8018,0
1118,1
4849,0
9627,1
829,0
4164,0
1707,1
6752,1
6236,0
4052,0
5283,0
2856,0
4630,1
9563,0
6576,1
5721,1
4305,1
8972,1
1694,1
3582,1
3913,1
470,0
4195,1
3422,1
9744,1
4206,1
7971,0
141,0
1994,1
1602,0
1031,1
9150,1
8528,0
7545,0
7448,1
1821,1
10075,1
5242,0
822,1
4826,0
910,1
10147,1
2018,0
8916,0
4880,1
184,0
6081,1
4281,0
7418,0
6054,1
7972,0
4894,1
5313,0
5046,1
7183,1
5347,0
5051,0
495,1
5985,0
1227,0
7594,0
6178,0
9344,1
3681,1
2805,1
8237,1
5139,0
2347,1
1978,1
7824,1
873,0
2569,1
4704,0
6974,0
4454,0
35,1
8231,1
9280,0
6567,1
2088,0
925,0
9958,1
5234,0
7623,0
6074,0
8115,0
10462,1
5008,0
1256,1
5001,0
6885,0
7509,0
6251,0
7250,1
9502,1
267,1
4109,1
819,0
9397,0
3707,0
870,1
10203,1
9241,1
5215,1
982,1
3878,0
1847,1
10457,1
7811,1
6205,1
8311,1
7657,1
8174,1
2119,0
7893,1
7754,1
3684,0
3585,1
300,1
9176,1
5879,0
1457,1
5040,0
1862,1
9749,1
161,1
6134,1
4995,0
54,0
5125,0
2032,0
8210,0
3816,0
1769,1
6156,1
8667,1
2974,1
3417,0
2835,0
1668,0
10028,1
5619,1
3169,0
9153,0
8746,1
8049,1
10564,0
8691,1
2765,1
52,1
2663,1
3014,1
9453,1
8078,0
2356,1
7595,0
2195,0
7633,1
1259,1
5214,0
531,1
2398,1
5458,1
2794,1
153,0
256,0
8787,1
4496,1
9649,1
461,1
502,1
529,1
5529,1
9391,1
1032,0
9896,0
5557,0
1836,0
3476,1
7104,0
5480,1
1717,1
1333,0
1806,1
8297,0
2806,1
3407,0
10518,1
6043,0
8857,0
8456,1
427,1
4028,1
1988,0
7354,0
2393,0
452,1
5445,1
7637,0
5486,0
4175,1
6068,0
8968,1
9384,0
7470,0
9319,0
5817,1
10294,1
1313,0
10181,1
5269,1
127,1
989,1
10234,1
4799,1
3834,0
9206,0
4753,0
4437,1
3520,0
10124,1
1318,0
2055,0
690,1
1294,1
6522,1
4453,1
624,0
2863,1
4922,0
4120,1
8164,0
2317,1
6058,1
1428,1
3577,0
5811,0
1430,0
4488,1
9634,1
4482,1
4580,1
2571,0
10499,1
3932,0
377,0
5851,0
6384,0
6470,0
8505,1
4268,0
10397,0
4309,0
1949,1
2097,0
9709,1
4936,0
4033,1
3828,1
8862,1
374,1
401,1
10015,0
7613,0
4397,1
2329,0
4733,1
1552,1
2486,1
940,1
7118,1
8060,1
1550,0
6202,0
8980,0
8162,1
10066,0
7981,1
7336,1
6277,0
1670,0
6007,0
7832,1
2612,0
8320,1
1779,0
6107,1
2537,1
2726,1
8717,0
2201,1
6276,1
3293,1
7907,1
7321,0
840,1
1081,0
8289,0
343,0
8184,1
7166,1
8805,0
9407,1
5573,0
9330,0
2215,1
4105,0
7699,1
5850,1
10228,0
638,1
5633,0
5919,0
4573,1
7164,1
5093,0
9815,1
8411,1
8955,1
9556,0
7349,0
8436,1
2631,1
2739,0
3930,0
6833,1
9186,1
3150,0
8328,0
4006,0
3065,0
3305,0
2506,0
9737,1
5178,1
9452,1
10111,0
1652,0
10134,1
7247,1
4363,1
1712,1
4232,0
5626,0
3049,0
5397,1
8637,1
8785,1
4438,1
1410,1
6902,1
187,1
3883,1
3988,1
5620,1
2904,0
3926,0
9020,0
2947,0
2364,0
5291,0
7078,0
4477,0
4333,0
9247,0
6957,1
7281,1
4012,0
975,0
8037,0
10408,0
2900,0
6457,0
9292,0
2115,1
9001,1
8981,0
6085,1
49,0
210,1
1607,1
5256,1
3170,1
147,1
7627,1
83,1
3686,0
5133,1
935,1
2875,1
7277,1
55,1
1253,1
3406,0
2474,0
8451,1
7301,0
8466,1
7499,1
4926,0
9033,0
3999,0
1017,0
947,1
7798,0
6280,0
6393,0
8056,0
9003,0
4481,1
5134,1
4804,0
34,1
5659,0
4519,1
6272,1
765,1
3752,0
1753,0
2123,0
1802,0
7678,0
4547,0
3793,0
7453,0
5330,0
4093,0
2362,0
7116,1
3135,1
10536,0
8484,1
9002,0
10204,1
7570,0
1275,1
3630,0
9096,1
3475,0
4818,0
2019,1
10402,0
643,0
9927,0
2827,0
288,0
7886,0
6584,1
5554,1
6329,1
1233,1
2541,0
1150,1
8459,1
1814,0
5564,1
4306,0
2144,0
9792,1
4634,1
10084,0
9847,0
8510,0
8921,1
2509,0
2111,0
7505,1
556,1
9596,1
1863,0
8172,1
8404,1
3607,1
7802,1
3503,0
5624,1
331,0
542,0
9705,0
3592,1
5018,0
5800,0
8651,1
7600,1
9509,0
5431,1
7454,0
8106,0
3137,1
702,0
6287,0
5657,0
8027,0
5350,1
30,0
2677,1
3898,0
9451,0
9949,0
8074,0
6618,0
8351,0
7861,0
8914,0
9820,1
9148,1
1334,1
1684,1
6414,0
6967,0
1726,1
9178,1
6642,1
1024,1
6437,0
7042,0
5319,1
4594,1
3702,0
4882,0
4243,0
4750,0
5735,0
1432,1
7576,0
7455,0
5563,0
2291,0
5386,0
8490,1
2357,0
5473,1
7091,1
2464,0
2801,0
6604,0
2122,1
4320,1
1841,1
8129,0
3149,1
10525,1
1869,0
8664,0
1941,1
5216,1
7993,0
7327,1
4076,1
6544,0
3300,0
9139,1
6761,1
2220,0
5661,0
1676,1
1572,0
9545,0
212,0
2498,1
5758,0
241,1
7872,0
10546,0
9615,0
882,0
5753,1
547,1
10275,1
7686,0
6508,0
4296,0
6625,0
404,0
1289,1
5239,0
10261,1
2649,0
9886,0
5341,1
869,0
5533,1
1560,0
9892,1
1933,0
5885,0
7833,1
7296,0
7373,0
8983,0
5842,0
2194,1
132,1
2659,0
7896,0
7887,0
5745,0
2409,0
2253,0
1434,0
6946,1
6510,1
6982,1
8999,0
5170,0
10158,1
234,1
9034,1
3801,1
3887,0
10361,1
5385,0
6575,0
3560,1
2112,0
4307,1
8704,1
10476,0
4637,0
2953,0
1320,0
3264,0
7904,1
9144,1
4494,1
4819,0
3781,1
3459,1
5681,0
6507,0
3722,1
398,0
9377,0
978,0
3104,1
2693,1
3803,1
9533,1
1173,1
10307,1
10326,0
5113,1
1116,1
10452,1
8013,1
6491,0
9906,1
7531,0
102,1
5233,0
1661,0
8280,1
1000,1
3743,1
1501,1
3809,0
8647,1
1959,0
1690,1
5498,1
837,1
8788,1
4114,0
1413,1
6836,0
4240,1
1908,0
5750,0
10087,0
2680,1
4323,0
4439,0
8517,0
933,1
33,1
4295,0
3258,1
7497,1
9276,1
9811,1
3833,0
7682,0
1748,1
3693,1
3608,1
10230,1
5468,0
10464,0
6932,0
3616,0
9603,0
10394,0
5509,1
3731,0
5827,0
10527,1
7004,0
3210,1
59,1
2660,1
1909,1
8569,1
2862,1
5966,0
2639,0
6838,0
9527,1
5345,0
7702,0
3242,0
6516,0
10412,1
8213,1
2598,0
6193,1
9593,1
6646,1
5388,0
6413,1
1540,1
8660,0
2999,1
3194,0
9437,1
9473,1
877,0
9640,0
4434,0
8385,0
2542,1
3281,1
7820,1
1418,0
6079,0
3685,1
9361,1
3364,1
7495,0
8226,1
8043,0
9924,1
6018,1
3,1
4592,1
10125,0
8900,0
7028,0
3419,1
5514,0
2770,1
5007,1
1931,1
9768,0
3337,0
703,1
6685,1
6064,1
1881,0
4842,1
8432,0
3569,0
9797,1
2829,1
3739,1
2128,1
2372,1
3354,0
3321,1
8532,1
1800,1
2560,1
3936,1
2588,0
4890,1
8912,1
6192,0
8658,0
5272,1
10404,0
2299,0
9419,1
3018,0
8642,0
6594,1
8852,0
9212,0
7081,0
8469,1
1372,1
2514,0
2311,1
5548,0
9024,1
10324,1
7735,1
1488,1
9130,0
2307,1
2374,1
10519,0
10264,1
9908,0
1073,1
118,1
8884,0
242,1
6300,1
5422,1
899,0
773,0
70,0
9249,1
8847,0
432,0
468,1
7830,1
4642,0
1782,1
8683,0
8551,1
5224,0
922,1
757,1
1101,0
6804,0
9266,0
6487,1
5627,1
4972,1
3596,1
1420,1
10209,1
8629,0
3147,1
9821,1
10377,1
456,1
9887,1
8864,1
5665,1
1764,0
9198,0
7536,0
991,0
1537,1
3450,0
5663,0
4221,0
3350,1
943,1
3203,1
1144,0
2334,1
7074,0
10071,0
7540,1
4143,1
6643,0
1067,0
6356,0
8133,0
108,0
308,1
7432,1
2652,0
4740,0
7048,1
490,1
6808,0
7990,0
4460,0
6803,0
2414,1
8085,0
2031,1
8476,0
9840,1
2853,0
8114,0
6245,0
8918,1
2621,1
5344,1
3775,1
631,1
10481,1
8188,1
9830,1
5426,0
6688,1
4132,0
588,0
5600,0
4743,1
8711,1
6039,1
4576,1
6941,0
10202,0
6632,1
1079,1
9642,1
5401,1
600,0
4873,1
5558,0
483,0
10378,0
9004,0
2809,1
9542,0
3215,1
6924,1
7213,0
3105,1
9771,0
632,0
3232,0
1543,1
2164,1
4559,1
9530,0
2033,1
2842,0
4186,0
4078,0
8093,1
7286,1
7044,1
9234,0
8536,1
307,1
4382,0
1350,0
4632,1
5639,1
6445,1
10511,0
8601,1
137,0
2298,0
8978,1
7218,1
856,0
736,1
7719,0
3177,0
2564,0
3123,0
4827,1
6386,0
708,1
1414,0
7190,1
10298,0
838,1
10145,1
3071,0
5329,0
462,0
9809,1
7279,1
2707,1
3671,1
516,1
10395,0
8167,1
2138,1
5192,1
1377,0
1390,0
1244,1
8424,1
205,0
9592,0
116,1
8306,1
7649,0
9560,1
2102,1
10490,0
97,1
7618,1
9413,1
6148,1
7147,1
2430,1
7539,1
7475,0
7796,0
1582,0
8454,0
3164,1
2375,1
980,0
10233,1
2271,0
7843,1
6165,1
3449,1
8757,0
9757,1
6925,1
6191,1
6985,1
9064,1
2691,0
657,0
858,0
6677,1
642,1
2627,0
1569,0
3674,1
10095,1
7423,1
4993,0
4983,0
7070,0
700,0
2447,1
2380,1
8418,0
1288,1
9400,0
8530,0
784,0
2969,0
892,0
5679,1
4650,1
994,0
9751,1
9462,1
4958,0
506,0
4631,1
4321,1
5617,0
7571,0
6873,0
7964,1
4567,0
7429,1
3615,0
8744,1
1142,1
6189,1
3411,0
9133,0
5806,1
2385,1
801,1
4672,0
6530,0
260,1
6624,1
2001,0
8403,1
4935,0
7264,0
9714,0
5903,0
3176,1
7441,1
